<dwml xmlns:xsd="http://www.w3.org/2001/XMLSchema" xmlns:xsi="http://www.w3.org/2001/XMLSchema-instance" version="1.0" xsi:noNamespaceSchemaLocation="http://www.nws.noaa.gov/forecasts/xml/DWMLgen/schema/DWML.xsd">
  <head>
    <product srsName="WGS 1984" concise-name="glance" operational-mode="official">
      <title>
	NOAA's National Weather Service Forecast at a Glance
      </title>
      <field>meteorological</field>
      <category>forecast</category>
      <creation-date refresh-frequency="PT1H">2017-01-08T02:52:41Z</creation-date>
    </product>
    <source>
      <more-information>http://www.nws.noaa.gov/forecasts/xml/</more-information>
      <production-center>
	Meteorological Development Laboratory
	<sub-center>Product Generation Branch</sub-center>
      </production-center>
      <disclaimer>http://www.nws.noaa.gov/disclaimer.html</disclaimer>
      <credit>http://www.weather.gov/</credit>
      <credit-logo>http://www.weather.gov/images/xml_logo.gif</credit-logo>
      <feedback>http://www.weather.gov/feedback.php</feedback>
    </source>
  </head>
  <data>
    <location>
      <location-key>point1</location-key>
      <point latitude="41.78" longitude="-88.65"/>
    </location>

  </data>
</dwml>
